{
  "dt": 0.05,
  "T_end": 10.0,
  "burnin": 0.5,
  "gamma_T": 1.0,
  "gamma_L": 0.0005,
  "eps_stab": 0.001,
  "J": 0.1,
  "kappa_list": [
    0.001,
    0.001584893192461114,
    0.0025118864315095794,
    0.003981071705534973,
    0.006309573444801929,
    0.01,
    0.01584893192461114,
    0.025118864315095808,
    0.039810717055349734,
    0.06309573444801933,
    0.09999999999999999,
    0.1584893192461114,
    0.25118864315095824,
    0.3981071705534973,
    0.6309573444801936,
    1.0,
    1.584893192461114,
    2.511886431509582,
    3.9810717055349736,
    6.309573444801936,
    10.0
  ],
  "B_list": [
    0,
    10
  ],
  "K_extra": 15,
  "n_surr": 3
}