{
  "var_ratio_dM2_B10_over_B0": 0.011532693362454325,
  "var_ratio_dG_B10_over_B0": 0.8104589665070143,
  "levene_dM2_stat": 6.686687322469849,
  "levene_dM2_p": 0.011575485490738962,
  "levene_dG_stat": 0.001131378190209715,
  "levene_dG_p": 0.9732533683763678,
  "spearman_B0": -0.10900562851782367,
  "spearman_B10": 0.6429643527204504
}